{
  "project_info": {
    "project_number": "989187518480",
    "project_id": "ai-sitting-posture",
    "storage_bucket": "ai-sitting-posture.appspot.com"
  },
  "client": [
    {
      "client_info": {
        "mobilesdk_app_id": "1:989187518480:android:854855b51b422c13d95a95",
        "android_client_info": {
          "package_name": "com.example.a114_login"
        }
      },
      "oauth_client": [
        {
          "client_id": "989187518480-mmjasm65sqqpvqudq1girtqk1rt3afea.apps.googleusercontent.com",
          "client_type": 3
        }
      ],
      "api_key": [
        {
          "current_key": "AIzaSyDFPoaUbzXXnRNcHuNvdPaZvz6OnMv--AU"
        }
      ],
      "services": {
        "appinvite_service": {
          "other_platform_oauth_client": [
            {
              "client_id": "989187518480-mmjasm65sqqpvqudq1girtqk1rt3afea.apps.googleusercontent.com",
              "client_type": 3
            }
          ]
        }
      }
    }
  ],
  "configuration_version": "1"
}